-- phpMyAdmin SQL Dump
-- version 5.1.1
-- https://www.phpmyadmin.net/
--
-- Host: localhost
-- Generation Time: Mar 25, 2022 at 12:18 PM
-- Server version: 10.4.22-MariaDB
-- PHP Version: 7.4.26

SET SQL_MODE = "NO_AUTO_VALUE_ON_ZERO";
START TRANSACTION;
SET time_zone = "+00:00";

SET FOREIGN_KEY_CHECKS = 0;


/*!40101 SET @OLD_CHARACTER_SET_CLIENT=@@CHARACTER_SET_CLIENT */;
/*!40101 SET @OLD_CHARACTER_SET_RESULTS=@@CHARACTER_SET_RESULTS */;
/*!40101 SET @OLD_COLLATION_CONNECTION=@@COLLATION_CONNECTION */;
/*!40101 SET NAMES utf8mb4 */;

--
-- Database: `companyAPI`
--

--
-- Dumping data for table `oauth_access_tokens`
--

INSERT INTO `oauth_access_tokens` (`id`, `user_id`, `client_id`, `name`, `scopes`, `revoked`, `created_at`, `updated_at`, `expires_at`) VALUES
('00a76bef5ca226ae019b7ba0f1b3f4c8c07d5b6d97715ec53f7e4fb5f60523af1ad9e8a614c23434', 1, 1, 'authToken', '[]', 0, '2022-03-09 08:20:58', '2022-03-09 08:20:58', '2023-03-09 11:20:58'),
('015beff9eda0d7911dcaffa89a3f83937d1bba357cba8525ac8a7d15087cdd8a8d5ea86f025ba49c', 1, 1, 'authToken', '[]', 0, '2022-02-24 10:45:39', '2022-02-24 10:45:39', '2023-02-24 13:45:39'),
('016aa53a2e549fa4b6307c20a3bcc1a1aea54533505beead53b57b335a6a16aa58fd7d649bdef0b2', 1, 1, 'authToken', '[]', 0, '2022-02-22 11:16:52', '2022-02-22 11:16:52', '2023-02-22 14:16:52'),
('0224ce22ac5a5d221205ec798c1bf890727808b8df168fc72c374d9ed2509985077a4566a3bd62fd', 1, 1, 'authToken', '[]', 0, '2022-02-24 09:08:43', '2022-02-24 09:08:43', '2023-02-24 12:08:43'),
('0340f988a4a404b5954d8fe69e59d401694ff7b4cfc458d1f753fbb94ee71c2de3dcc7c7126fc2fb', 1, 1, 'authToken', '[]', 0, '2022-01-28 06:30:05', '2022-01-28 06:30:05', '2023-01-28 09:30:05'),
('07fbe7dc86d18a98c109b83ae6830844ff3d735a4cdde189268664aa2b731d13d91400b98b152330', 1, 1, 'authToken', '[]', 0, '2022-02-24 08:55:13', '2022-02-24 08:55:13', '2023-02-24 11:55:13'),
('0a8d349f90ebb64e4113d3d95b9b8948c65921cac174d64c187ca0a188d7b5f91488d3857f9e7d56', 1, 1, 'authToken', '[]', 0, '2022-02-22 10:43:43', '2022-02-22 10:43:43', '2023-02-22 13:43:43'),
('0b023691f08625229c125019142514e196c4faecdc395e4e8db0443fe7e40c832c99de0d6638ab2e', 1, 1, 'authToken', '[]', 0, '2022-03-07 06:16:43', '2022-03-07 06:16:43', '2023-03-07 09:16:43'),
('0cbb6aef30c756a779a253fca7b1ed433a82b71084b3f9f064b64196f1d0c17c3f4938d4f57c7e1d', 1, 1, 'authToken', '[]', 0, '2022-03-03 09:09:46', '2022-03-03 09:09:46', '2023-03-03 12:09:46'),
('0cc9eaf7973c6f28db4bb1270eba037d0cc110c5c45dd935556a29675059a15d3bb9ae82631ddce8', 1, 1, 'authToken', '[]', 0, '2022-02-28 08:45:28', '2022-02-28 08:45:28', '2023-02-28 11:45:28'),
('0d4688103e014e0f0c51ac1bc23632eefcd4bf85634caa8b6f54d252d8b13de9a48c4a8ab4a1eda7', 1, 1, 'authToken', '[]', 0, '2022-02-23 07:00:34', '2022-02-23 07:00:34', '2023-02-23 10:00:34'),
('0e6f9dce2654a97ee593323b7f6c573d2b8e18186be4a932ef468edb3d2f0fa48b65918d9674c1e9', 1, 1, 'authToken', '[]', 0, '2022-02-16 09:53:01', '2022-02-16 09:53:01', '2023-02-16 12:53:01'),
('0f31dc91e3532975871da4a4e94215726d895ac1f30d35b047586b7b9ca5ea027237f70c1daee1b1', 1, 1, 'authToken', '[]', 0, '2022-01-28 05:52:51', '2022-01-28 05:52:51', '2023-01-28 08:52:51'),
('139e62b22de9aa7b7e19ce2274555f2c7a2e8eafbecb3dd93a41a3d6c1ad607e16aac74938b14c6d', 1, 1, 'authToken', '[]', 0, '2022-02-24 10:21:43', '2022-02-24 10:21:43', '2023-02-24 13:21:43'),
('14213bc808e120b33520dc9a165eb9c018b244a65e2a2689d7068cf7c7a6ac5072b24f8523a91496', 1, 1, 'authToken', '[]', 0, '2022-03-11 09:47:30', '2022-03-11 09:47:30', '2023-03-11 12:47:30'),
('14ae2cc661d7e9aaaf3a11e45cbcd31bc63b4629905656a689421504f8e13496f67993527bdaf847', 1, 1, 'authToken', '[]', 0, '2022-02-24 09:01:20', '2022-02-24 09:01:20', '2023-02-24 12:01:20'),
('17af3979cd4712675c192aaf63009954c15e34920e0d87ea4f0c0ae3f173bd2701f4f1817ae7364d', 1, 1, 'authToken', '[]', 0, '2022-03-11 10:02:37', '2022-03-11 10:02:37', '2023-03-11 13:02:37'),
('188727961671dd88a8e1bd07d2efa0a4fff2c5cc32d3f4d419c733c4b799d5b0ccce59a912e7d8d0', 1, 1, 'authToken', '[]', 0, '2022-03-08 10:22:03', '2022-03-08 10:22:03', '2023-03-08 13:22:03'),
('18f734bcc6ff255e3fc63ea52782b4db5a680c769a9f60bff5771b326bcafc9e7db2de8f5a5d9ac1', 1, 1, 'authToken', '[]', 0, '2022-02-24 11:16:05', '2022-02-24 11:16:05', '2023-02-24 14:16:05'),
('19499339818a7d6832ea7c9b91e22760dad2bb061d11183f083382bca53cd2b72259d4042d5502a2', 1, 1, 'authToken', '[]', 0, '2022-03-09 08:17:45', '2022-03-09 08:17:45', '2023-03-09 11:17:45'),
('1a5dc45afc115863848f9df27b06e362d6a5b4f17e9be8d9871b20c650b23852fe0d67ad7d31872c', 1, 1, 'authToken', '[]', 0, '2022-03-11 05:59:50', '2022-03-11 05:59:50', '2023-03-11 08:59:50'),
('1cfa3afb9604cc2c57c021a20010f4584c922fdb2c212e492e6a1f661c6ef36e6065bc6c065053f1', 1, 1, 'authToken', '[]', 0, '2022-01-25 10:01:18', '2022-01-25 10:01:18', '2023-01-25 13:01:18'),
('1d11877cd544fcf12ed75cdf5677e076fed3decfd4b0e661206a0073917ee6061ddebb1c796be1e7', 1, 1, 'authToken', '[]', 0, '2022-02-23 07:10:51', '2022-02-23 07:10:51', '2023-02-23 10:10:51'),
('1d9b8217ebf3065db8e0821626f291b1b30410abbe55c8d3cded08708d1f83f29833394c4cbac17d', 1, 1, 'authToken', '[]', 0, '2022-02-22 10:46:23', '2022-02-22 10:46:23', '2023-02-22 13:46:23'),
('1ef31ea1832f5ae97034b45f886f2715357ed1bdc9ff7df3933db1264a1e987ebb6ece2efb5fe5c0', 1, 1, 'authToken', '[]', 0, '2022-02-23 09:20:36', '2022-02-23 09:20:36', '2023-02-23 12:20:36'),
('21db579dd2bfd804f8443605b75efa1848e4ab15e42b2b35683d29b2bbe9461fe34455b19ebecffb', 27, 1, 'authToken', '[]', 0, '2022-03-22 10:05:36', '2022-03-22 10:05:36', '2023-03-22 13:05:36'),
('267202c0b58a643dbed012dd9b00170bb5291cc02fe5c4b595db82416d595966259fa48a665aaf77', 1, 1, 'authToken', '[]', 0, '2022-02-23 10:35:04', '2022-02-23 10:35:04', '2023-02-23 13:35:04'),
('27744b21dfc8cb499a19019219198afc15f4783a7ee7ff547c5805b9409241693825cf78dab86666', 1, 1, 'authToken', '[]', 0, '2022-03-08 08:57:28', '2022-03-08 08:57:28', '2023-03-08 11:57:28'),
('2806934be022f554f4537fa8286ffac80ed0215e32493f2f71e2448c8189310b7acdecf95b85d375', 1, 1, 'authToken', '[]', 0, '2022-02-28 09:49:21', '2022-02-28 09:49:21', '2023-02-28 12:49:21'),
('28bf02677dbddad27801b3b96b8c84a34667c6ceced6dbfa890dce5a9aebc0335135c4f3a1b06db2', 1, 1, 'authToken', '[]', 0, '2022-03-10 09:45:51', '2022-03-10 09:45:51', '2023-03-10 12:45:51'),
('290f0ce465b470f0eac9b1c5958d2c7dcc214ed970902c89f025c375bcfee5aab9f3b48ec5500d45', 1, 1, 'authToken', '[]', 0, '2022-03-03 09:16:47', '2022-03-03 09:16:47', '2023-03-03 12:16:47'),
('2cc87e625207c33d1e3db5752fea68bc4dcdee8bc90134ac14090804a6c1c8007c3bd9b35202140f', 1, 1, 'authToken', '[]', 0, '2022-02-23 10:32:24', '2022-02-23 10:32:24', '2023-02-23 13:32:24'),
('2e89ab6a8f11e80048b41eac29052acd2ba79cf8157c3fb42ef1fce8f72270d03c8c9b5b07379fc6', 1, 1, 'authToken', '[]', 0, '2022-02-23 09:57:12', '2022-02-23 09:57:12', '2023-02-23 12:57:12'),
('2ece1b683b6b6e54b50fff501b1220532ba67c0e46f51d6419deebbabece07713d2da536624ad7d9', 1, 1, 'authToken', '[]', 0, '2022-01-31 10:09:51', '2022-01-31 10:09:51', '2023-01-31 13:09:51'),
('31a4564efe3639d85d5b94ba55e7d399bf0a4cfa7871839914ea21a526be72dc0a4d69117c0d3e77', 1, 1, 'authToken', '[]', 0, '2022-02-23 09:25:28', '2022-02-23 09:25:28', '2023-02-23 12:25:28'),
('31dbc78e2e411675a740db706da9884b8e73e16158217e93aba2c499467877767dd1e80374c0eb91', 1, 1, 'authToken', '[]', 0, '2022-02-23 10:47:53', '2022-02-23 10:47:53', '2023-02-23 13:47:53'),
('32b56634d6cc5ca17dcb1fc39f187cc92100e5fc6a9eaa50e80474df86d9b91f89bd6264e26309f2', 1, 1, 'authToken', '[]', 0, '2022-01-28 05:50:55', '2022-01-28 05:50:55', '2023-01-28 08:50:55'),
('32c5ce606f420cf38b38551d494304caea3451aef01a0141027b3ac160d4a48b9f01b4e56aecc24e', 1, 1, 'authToken', '[]', 0, '2022-02-23 05:31:19', '2022-02-23 05:31:19', '2023-02-23 08:31:19'),
('33df9c48e41b97599d4ee6815b5296b8bdca996601b2de2f2387a01342cb246b0e26007d2ee57ff3', 1, 1, 'authToken', '[]', 0, '2022-03-03 08:24:02', '2022-03-03 08:24:02', '2023-03-03 11:24:02'),
('350aae658017eb03f3913e6000b50771672ec943d5b3cbcab7317e8526ddac6d0604659f727235e6', 23, 1, 'authToken', '[]', 0, '2022-03-22 09:30:27', '2022-03-22 09:30:27', '2023-03-22 12:30:27'),
('372647bb7dea49c1fad4ffd155dbf3dcf1211935df88383382f23b534c6ea7a08820c6a563b45191', 1, 1, 'authToken', '[]', 0, '2022-03-01 08:47:28', '2022-03-01 08:47:28', '2023-03-01 11:47:28'),
('38578251670f6187ca9fa886c6fe44e86a224af9709e56573b0860172eccfa507f2412a8e1d3daf4', 1, 1, 'authToken', '[]', 0, '2022-03-11 06:18:53', '2022-03-11 06:18:53', '2023-03-11 09:18:53'),
('3c1dbba28087241c7bed4d57f0846c9c5395ab56f93d4f7048ddae8bcde68ed92a63dabb59f450b5', 1, 1, 'authToken', '[]', 0, '2022-02-25 09:10:23', '2022-02-25 09:10:23', '2023-02-25 12:10:23'),
('3d703bee94425fbbe5e519119eceabf11dbb495bc6bff7c5dfda7994a7dc6f04ca5b5b99dda64934', 1, 1, 'authToken', '[]', 0, '2022-02-25 09:44:07', '2022-02-25 09:44:07', '2023-02-25 12:44:07'),
('3db1c6d78e3d513d608a10c5e781df1bf60bbd33c702c12c5240c9aac60415bde7a1fdbc5a26d476', 1, 1, 'authToken', '[]', 0, '2022-02-23 09:38:35', '2022-02-23 09:38:35', '2023-02-23 12:38:35'),
('3de9f3a42f4e9c27957df0255e0b4fbee692812c8ea316f7fff5c90d0d10d86569199e54481dd65e', 1, 1, 'authToken', '[]', 0, '2022-02-23 09:30:39', '2022-02-23 09:30:39', '2023-02-23 12:30:39'),
('3f5eb9a0f4d7c0fe2275f5821d96b4c382cf6148f83c6b1b3ec3e3b92a1464e5f3a3332a1ec76e58', 1, 1, 'authToken', '[]', 0, '2022-01-28 06:32:52', '2022-01-28 06:32:52', '2023-01-28 09:32:52'),
('3fdb02a5b01e9b6e243bcb788c4b8167e0b826ea6f8dec16b1a9a39f263b83652350e2786fcc3226', 1, 1, 'authToken', '[]', 0, '2022-03-01 08:50:04', '2022-03-01 08:50:04', '2023-03-01 11:50:04'),
('400da433b6a37882ed0b94bb8b11d08fdfe5620a0fcc192d8f94c12cceb55817c94553f04950ff3d', 1, 1, 'authToken', '[]', 0, '2022-02-21 08:23:58', '2022-02-21 08:23:58', '2023-02-21 11:23:58'),
('425ad028c7adca39d8adf187f8ba19b924eb272bb1d43df1ee9a9f76c7dc3ac937de276bbb7461bd', 1, 1, 'authToken', '[]', 0, '2022-01-27 05:15:00', '2022-01-27 05:15:00', '2023-01-27 08:15:00'),
('43dbfadd6a77a3c7572ddd3f8866705eb7227390aa91dcd566838f6b33e9c6a416d61ea0df2bce58', 1, 1, 'authToken', '[]', 0, '2022-01-28 06:31:56', '2022-01-28 06:31:56', '2023-01-28 09:31:56'),
('43f9192fd7d0ec4f048ff7123ffe593e2802486bca4fe84889840b56847316c7ecd25b8335488a6e', 2, 1, 'authToken', '[]', 0, '2022-01-17 09:38:12', '2022-01-17 09:38:12', '2023-01-17 12:38:12'),
('4412eb019afcfe1d1bac4ffc155a7b509cad94653ac20295a6103836f3ca776b14dc3decf3072e4f', 1, 1, 'authToken', '[]', 0, '2022-02-23 10:34:59', '2022-02-23 10:34:59', '2023-02-23 13:34:59'),
('44156ce52da1d3b2e73a5c69159416d48e0aea8885f8350053ef0666a8e9a049c9549739997d9e9f', 1, 1, 'authToken', '[]', 0, '2022-03-11 08:48:15', '2022-03-11 08:48:15', '2023-03-11 11:48:15'),
('444b0a0f2f82a5b24411dcaa1cc7dbfcc05d6ecce0e02ac943584860dfb9808fc0f36fcd68fc4f79', 1, 1, 'authToken', '[]', 0, '2022-02-18 04:09:51', '2022-02-18 04:09:51', '2023-02-18 07:09:51'),
('446c7c70d463114f6bf48d2c3fedf0f25097e44367c41640f42f3eb57edb57bdf1f1b158e15992f3', 1, 1, 'authToken', '[]', 0, '2022-02-18 08:14:43', '2022-02-18 08:14:43', '2023-02-18 11:14:43'),
('46a428417b7230439b7f0e78181abe6a4cd042c49e70768ce5d8566e154ef47cd74960804a816319', 1, 1, 'authToken', '[]', 0, '2022-02-18 08:21:41', '2022-02-18 08:21:41', '2023-02-18 11:21:41'),
('477c9e9986d2428041c37612216aa6742686bcfb706b36a67aa418211c4a54a96db70f2492f1490d', 1, 1, 'authToken', '[]', 0, '2022-02-24 10:58:37', '2022-02-24 10:58:37', '2023-02-24 13:58:37'),
('48c2c86a78150b88276b6ff28974e19fee64a9d5b098fbf18a53efa5053c3a283894b05acd32b5e7', 1, 1, 'authToken', '[]', 0, '2022-02-24 10:48:29', '2022-02-24 10:48:29', '2023-02-24 13:48:29'),
('4932a0f93c82c6d37cbe8783566ba33e8554beb63c2cddd2dcfd3c7fe51493299a4e9b85c76ea5d4', 1, 1, 'authToken', '[]', 0, '2022-01-18 03:02:56', '2022-01-18 03:02:56', '2023-01-18 06:02:56'),
('4bc185d5a08bb222a7c3cc41ea94b50e3468129c5860d5f99d5d3ee8c425825ad3108ce045096e89', 1, 1, 'authToken', '[]', 0, '2022-02-22 08:42:38', '2022-02-22 08:42:38', '2023-02-22 11:42:38'),
('4bf1c5c9863cb8f9f52e9275c1b0c2fc4cbd7fd4ace30e6760113ae7a39282efd049c6bd63d9df72', 1, 1, 'authToken', '[]', 0, '2022-03-03 04:57:41', '2022-03-03 04:57:41', '2023-03-03 07:57:41'),
('4d6a68827d9b5e63a28a33d5eb590bdde820676d987dc283f9c36c04814a9b76468e139af22f7ab6', 1, 1, 'authToken', '[]', 0, '2022-02-24 10:48:23', '2022-02-24 10:48:23', '2023-02-24 13:48:23'),
('4dff6ccbc6448a49f7bf9f3eb8d8d59f098c969805af10c374d5443551ffcece54963244d83eb1fa', 1, 1, 'authToken', '[]', 0, '2022-03-09 08:50:09', '2022-03-09 08:50:09', '2023-03-09 11:50:09'),
('504c8a1ee4c67a1fd4ec5d4c2972a0636a66446cc80d461b226ea67a40b2b9b6870c79cb8b8edafb', 1, 1, 'authToken', '[]', 0, '2022-03-01 10:28:41', '2022-03-01 10:28:41', '2023-03-01 13:28:41'),
('52148963512b93b644ab54b6dd81425ab21bca6e47a333ce99b6b32fd22d0bacc056651eb4497d20', 1, 1, 'authToken', '[]', 0, '2022-03-10 09:42:11', '2022-03-10 09:42:11', '2023-03-10 12:42:11'),
('544b30afb6e8d7fd3d7b8da7e8f2299f6ce84f156802e4304f9737de60477bca2184042313ff7bb7', 1, 1, 'authToken', '[]', 0, '2022-03-11 09:46:50', '2022-03-11 09:46:50', '2023-03-11 12:46:50'),
('57e8fe4e7577bd1753ea1c8db3e61f46c621c8e4b03595c5d72fb20fdd2bc6516b973a587100b81b', 1, 1, 'authToken', '[]', 0, '2022-03-01 08:53:59', '2022-03-01 08:53:59', '2023-03-01 11:53:59'),
('5c3d0b24df909d18ed4092d69b9fb9c33b8b7de8e2ddbaa7c3fbbd07c28f7c16e02659385f09bb35', 1, 1, 'authToken', '[]', 0, '2022-02-22 09:01:09', '2022-02-22 09:01:09', '2023-02-22 12:01:09'),
('5c81cf7aebc60c497817967187429acc4cc8b3f1ef4d55cf22d18542043826153ba8c5634a7ca9b4', 1, 1, 'authToken', '[]', 0, '2022-02-24 08:53:22', '2022-02-24 08:53:22', '2023-02-24 11:53:22'),
('5fa7f2b0302d64f80efe6665e1f5a06d773f5b3fed51249e76d2838bcbf71a37e4c99400cc031ef0', 1, 1, 'authToken', '[]', 0, '2022-02-25 09:38:46', '2022-02-25 09:38:46', '2023-02-25 12:38:46'),
('61056baa8b10f4d0dab3b1b2a2c8e1bee67488621fe2540463fdfaf463f600ffb3c3a75ca9080626', 1, 1, 'authToken', '[]', 0, '2022-03-01 09:09:19', '2022-03-01 09:09:19', '2023-03-01 12:09:19'),
('610a4913e595b5e0f09ed693ac0107cba303aa7c8775c60ee2d5747b682fbd8ed7a8072a78d53f98', 1, 1, 'authToken', '[]', 0, '2022-03-10 10:12:42', '2022-03-10 10:12:42', '2023-03-10 13:12:42'),
('6204732d474b498db97307a28a4e29df1df62ee0109ccaf6566f22f0e81545a14cb44d305bf75780', 1, 1, 'authToken', '[]', 0, '2022-02-16 06:22:57', '2022-02-16 06:22:57', '2023-02-16 09:22:57'),
('646d1d50a0e53571055e5105f8ae7223c9f3920b8a5498155a27ae545cfc3d921723f3bf719bdb6e', 1, 1, 'authToken', '[]', 0, '2022-03-03 06:29:38', '2022-03-03 06:29:38', '2023-03-03 09:29:38'),
('66b20b23c7e5d01cfa0fc16bb31b74b08d736a7ee4eacdbe36932ad6acff9b6997cd78f4b249a861', 1, 1, 'authToken', '[]', 0, '2022-02-25 10:01:54', '2022-02-25 10:01:54', '2023-02-25 13:01:54'),
('67acdd2a187e5270665344b6c601b31511ed54f7dff9755b84d58b18e73f97fdc6171c86c72ee613', 1, 1, 'authToken', '[]', 0, '2022-02-18 08:15:22', '2022-02-18 08:15:22', '2023-02-18 11:15:22'),
('6902da28c0ed127baf23b24d46ca8e3f1c7f061506cadc57c47eed058de0a7429fc6ef56a1d29cd8', 20, 1, 'authToken', '[]', 0, '2022-02-17 05:45:56', '2022-02-17 05:45:56', '2023-02-17 08:45:56'),
('690c74f634501a8524e2e10ea1e5a48ab09048d89a59fad92c890120d7326c49c0b58a676df17e88', 1, 1, 'authToken', '[]', 0, '2022-02-21 07:23:22', '2022-02-21 07:23:22', '2023-02-21 10:23:22'),
('692e27bf6fcc312d3879f2517de33d14b39bedea0bce0c3cc7e431d74506387000ff76740d8c7ef5', 1, 1, 'authToken', '[]', 0, '2022-02-23 10:50:00', '2022-02-23 10:50:00', '2023-02-23 13:50:00'),
('6b6592d3749d636c70fb0fc614546523f479cbd6e73f574a01251f9756d705434a54eaf220f1793e', 1, 1, 'authToken', '[]', 0, '2022-02-21 08:06:52', '2022-02-21 08:06:52', '2023-02-21 11:06:52'),
('6ba67d03816086cc39f73dacb0687383f05fa9aafbe50764144185a9d34340d51cb2027ba92fe6b2', 1, 1, 'authToken', '[]', 0, '2022-03-09 10:15:52', '2022-03-09 10:15:52', '2023-03-09 13:15:52'),
('6c13bebbad859bb87f4b3bdccc42d5e3d4cf2ba6a2d849388a3de0e073db03c0fe6b9972e89ce9c2', 1, 1, 'authToken', '[]', 0, '2022-02-17 06:37:07', '2022-02-17 06:37:07', '2023-02-17 09:37:07'),
('6d19f1bbc989000fbfa8783efd914d55f7f347c021d8fa7fb126a9675e0b8f0aa7d28c07353c5e34', 1, 1, 'authToken', '[]', 0, '2022-03-08 11:32:40', '2022-03-08 11:32:40', '2023-03-08 14:32:40'),
('6ded4dbd90016d4ba82414a098b13185cef8164edcb66acf32a1e8db9c8b7ea29e54c861014e055a', 1, 1, 'authToken', '[]', 0, '2022-02-22 10:45:19', '2022-02-22 10:45:19', '2023-02-22 13:45:19'),
('6fd04d2dde8f38936500a03443bb39b26342269152f409ea62cb0535af70ced9ba6a4f5827a0505d', 1, 1, 'authToken', '[]', 0, '2022-03-02 08:40:21', '2022-03-02 08:40:21', '2023-03-02 11:40:21'),
('7171377c2d411ef4e015c20ac3f77d10cb2af27895ede14c57733b0376b7676a5b25c61b6ebde9fd', 1, 1, 'authToken', '[]', 0, '2022-03-22 03:41:46', '2022-03-22 03:41:46', '2023-03-22 06:41:46'),
('71845e45aa21c92592037c412ed43c1dc49729d12d0a9a2b9bda1e1755b2ca501aa23aaacf9eb111', 4, 1, 'authToken', '[]', 0, '2022-01-17 15:48:08', '2022-01-17 15:48:08', '2023-01-17 18:48:08'),
('745d2758fe92c2b4bfa527931294d7a4400809df10acc6cad24ed745276d89dcb9ad112c6e8f1526', 1, 1, 'authToken', '[]', 0, '2022-02-28 06:11:25', '2022-02-28 06:11:25', '2023-02-28 09:11:25'),
('7504a78990f004c164a2c2a1b146fd403c53eb80db5b1668a38c9a6d302c73c1dddb7da9c19fed89', 22, 1, 'authToken', '[]', 0, '2022-02-17 06:49:54', '2022-02-17 06:49:54', '2023-02-17 09:49:54'),
('75200fe919e5c1bb7e8725f63619cde5d68523952e53580b4d6fad8baffb8bf8cb2d69bf708ad087', 1, 1, 'authToken', '[]', 0, '2022-01-28 02:54:59', '2022-01-28 02:54:59', '2023-01-28 05:54:59'),
('7554580a67138cecaccfb62cd3863eff4299a39611c6c3f09c9f1f267a1eff4541d52350c64ed673', 1, 1, 'authToken', '[]', 0, '2022-02-18 11:03:52', '2022-02-18 11:03:52', '2023-02-18 14:03:52'),
('763866a76d24e474bb09027a6b97531b5432ab93438458dd46e99b447e70c7ca4a08532e8a977c6f', 1, 1, 'authToken', '[]', 0, '2022-02-21 07:21:17', '2022-02-21 07:21:17', '2023-02-21 10:21:17'),
('79134c5d7f6f9b8571ada44a9ed26e4def17795f00f6eed7188077cf6b662583d5d8fd40653c93fb', 1, 1, 'authToken', '[]', 0, '2022-03-24 10:35:28', '2022-03-24 10:35:28', '2023-03-24 13:35:28'),
('7acd2a6e2ab67527198088f419b74f295a9dd0ac536de3db2a3479510fcd0df4ce7541499d53c897', 1, 1, 'authToken', '[]', 0, '2022-03-02 05:03:36', '2022-03-02 05:03:36', '2023-03-02 08:03:36'),
('7be36e8f952a028c008fe9151b4c1fe5432e156d489f198ebadcd676ba68f753ad43bf0fbeb0c447', 1, 1, 'authToken', '[]', 0, '2022-03-10 11:19:39', '2022-03-10 11:19:39', '2023-03-10 14:19:39'),
('7c6da8d2f0fdabc1cfd4af754e5374c895855db9d4bd70cfa2a74349014f1a040411f0324d3df280', 1, 1, 'authToken', '[]', 0, '2022-02-23 09:05:58', '2022-02-23 09:05:58', '2023-02-23 12:05:58'),
('7ea78f4c14682ba1b879f802cac4fcc7145a2d6ac1684476160a16106a8af73c1b41fae32f482c28', 1, 1, 'authToken', '[]', 0, '2022-02-24 09:28:50', '2022-02-24 09:28:50', '2023-02-24 12:28:50'),
('80331c3ba11af625eb6af267d1371cd5bbce300b86527dffbcd81ab487f69b2be67d57d1800f5265', 1, 1, 'authToken', '[]', 0, '2022-02-23 09:34:52', '2022-02-23 09:34:52', '2023-02-23 12:34:52'),
('807eb0210f720504d0f50cfde21b899f7979533a6728002721a55835547e4afaaada2d1890f8e62d', 3, 1, 'authToken', '[]', 0, '2022-01-28 05:02:58', '2022-01-28 05:02:58', '2023-01-28 08:02:58'),
('81fd4f8b39ed4254dabbd290a527df5d5464006a826dc194105e8b21b019663e701699073e4fb745', 28, 1, 'authToken', '[]', 0, '2022-03-22 10:21:26', '2022-03-22 10:21:26', '2023-03-22 13:21:26'),
('82980a9b81ef3673f62a0a608bc93bf8c5777427716b0113c789228e0b93c1da01a513f63e2ab35d', 1, 1, 'authToken', '[]', 0, '2022-02-18 05:52:15', '2022-02-18 05:52:15', '2023-02-18 08:52:15'),
('834209014edbd1604456cc947ea7be36c3732753107e44ee4b046cdf7c9dfd971212ccc0f2dbf9f0', 24, 1, 'authToken', '[]', 0, '2022-03-22 09:32:48', '2022-03-22 09:32:48', '2023-03-22 12:32:48'),
('83df5f6f3baeca113bcc52e409b20fd02862013006fd64d10dc24ba51f43d064fe191dbe587618fd', 1, 1, 'authToken', '[]', 0, '2022-01-18 03:56:31', '2022-01-18 03:56:31', '2023-01-18 06:56:31'),
('85bf80a8fb10562b1b45cf2f0c1548655f7eba7048fc70d6a3da8a9187113128f9ec00926eda4827', 1, 1, 'authToken', '[]', 0, '2022-01-17 09:27:42', '2022-01-17 09:27:42', '2023-01-17 12:27:42'),
('86f828d7058476749822380571beca9104f41ac2204dd088a9acf95b281c726d2a521d6ff65a0ea2', 25, 1, 'authToken', '[]', 0, '2022-03-22 10:00:47', '2022-03-22 10:00:47', '2023-03-22 13:00:47'),
('8764c3c2b62c38a2dec067e1b76c37d72c15b7ff112d5d00c63b354ff30496815850cf716e8af178', 18, 1, 'authToken', '[]', 0, '2022-02-17 05:31:40', '2022-02-17 05:31:40', '2023-02-17 08:31:40'),
('8d1151b613a1d5c01269df318646411143c127bf2f17c752367c0b19541ec9d1d10451d0b9620e79', 1, 1, 'authToken', '[]', 0, '2022-03-03 06:53:38', '2022-03-03 06:53:38', '2023-03-03 09:53:38'),
('8d3eab8ba304122dd6f0760255874cf791852edb4cdf3ea0c74f9288201f094d754c5594390ab875', 1, 1, 'authToken', '[]', 0, '2022-01-25 06:53:45', '2022-01-25 06:53:45', '2023-01-25 09:53:45'),
('8e1b25cdf1d0fc9e5ec674a960eafb9e7794d094211544cabc69fbbc351422a987faa84de15ca46e', 1, 1, 'authToken', '[]', 0, '2022-02-22 10:55:11', '2022-02-22 10:55:11', '2023-02-22 13:55:11'),
('901bb84ed683ddbd23f8a8b29dfc00be35b613d5ad93bd9e0c30404556807980a202114dfb065f13', 1, 1, 'authToken', '[]', 0, '2022-02-18 10:15:53', '2022-02-18 10:15:53', '2023-02-18 13:15:53'),
('9135a419de6a95682d5abf2d093603ea4024440a7d1097e2e157cbd004048bf6e274ee5b2eba3995', 1, 1, 'authToken', '[]', 0, '2022-02-18 04:08:25', '2022-02-18 04:08:25', '2023-02-18 07:08:25'),
('933512fc0fc802b0f8156d29d52101070fcb4c48b468edab42110524d4e454ff8b533cdae7da83a2', 1, 1, 'authToken', '[]', 0, '2022-03-08 09:10:08', '2022-03-08 09:10:08', '2023-03-08 12:10:08'),
('943f06675286d4da0134c5157d4d7fedef8ed7276fb6565583e15a924615a7c46159e9d43caca61a', 1, 1, 'authToken', '[]', 0, '2022-02-18 07:53:55', '2022-02-18 07:53:55', '2023-02-18 10:53:55'),
('948363efb9cd73399247415f0f2dbae6d6d5321ad0dad92880b05eb7117d575e0ca187fbfaf2da43', 1, 1, 'authToken', '[]', 0, '2022-02-18 09:20:40', '2022-02-18 09:20:40', '2023-02-18 12:20:40'),
('951e3be947996d82d256c098ff0ab486b45760bd2ceddfacb217b3ef3624102def167b59fba45a43', 1, 1, 'authToken', '[]', 0, '2022-02-22 10:43:50', '2022-02-22 10:43:50', '2023-02-22 13:43:50'),
('95bb863cbffd9e6e37d2c0d25d65ea7ea37b76a389f19a99ddbfbeccaae5a34e4635990f77c974a8', 21, 1, 'authToken', '[]', 0, '2022-02-17 05:47:31', '2022-02-17 05:47:31', '2023-02-17 08:47:31'),
('9620f3e452277df986a0fe884dd9535268d7c48345e5cb6d6660e9e0158659eac7dd7df054eb1da8', 1, 1, 'authToken', '[]', 0, '2022-03-04 03:42:38', '2022-03-04 03:42:38', '2023-03-04 06:42:38'),
('975fd8705a0e8a7cdf17bace8cfc88fdcf1f41b3a6c12187f5a5107ea351363d7a4a5fd91d74a8a8', 1, 1, 'authToken', '[]', 0, '2022-03-11 05:34:41', '2022-03-11 05:34:41', '2023-03-11 08:34:41'),
('98d4c87ff6318b140fa21c7d5aacbe2e738754f6af8a9112d6bfd4ff85361b64d51086b0ab0aa481', 1, 1, 'authToken', '[]', 0, '2022-02-28 09:21:18', '2022-02-28 09:21:18', '2023-02-28 12:21:18'),
('99dc31fe9659f1dc426157692e42b093af1053b0f85e64d60b20500be043823f3e4f26eb68403d8f', 1, 1, 'authToken', '[]', 0, '2022-02-23 07:58:41', '2022-02-23 07:58:41', '2023-02-23 10:58:41'),
('9e50f53823d0ebefdab8192feb007030276ed822d29c0388581630d4cceba67bc518323736d09a62', 1, 1, 'authToken', '[]', 0, '2022-03-01 08:19:35', '2022-03-01 08:19:35', '2023-03-01 11:19:35'),
('9eb8ef63c6aeb2261bda2144e7336adfe9453cfbb344ec0465b28e0672e193ec1430e939988b6283', 3, 1, 'authToken', '[]', 0, '2022-01-28 04:55:36', '2022-01-28 04:55:36', '2023-01-28 07:55:36'),
('a164d0f7b425bf8aedf8221d2f3975f503a8233415ebd90a6be2574ca2c270696716bf399136f1f3', 1, 1, 'authToken', '[]', 0, '2022-02-22 09:53:08', '2022-02-22 09:53:08', '2023-02-22 12:53:08'),
('a2110c10d6df80af65068698f762c4bec5f966ffafe4a674cb5037e768e690b48ace6b05b8e09e63', 1, 1, 'authToken', '[]', 0, '2022-01-18 03:47:04', '2022-01-18 03:47:04', '2023-01-18 06:47:04'),
('a2b8a679ad6fca10593877ebef535c4c7d3b00592fe29bdc6f2f5327b732bb132914f49dc2bbd1b3', 1, 1, 'authToken', '[]', 0, '2022-03-14 10:02:14', '2022-03-14 10:02:14', '2023-03-14 13:02:14'),
('a3229123c98266a67c0790148028a28bee8a7f9937572d8f7d8c74e8c2516d372c93f68f969f2377', 1, 1, 'authToken', '[]', 0, '2022-01-28 02:49:15', '2022-01-28 02:49:15', '2023-01-28 05:49:15'),
('a383d5fe9590d66c9dd41131fda650e4110352a6f1feb241539ae993bf92b6c370d8df425c911a6d', 1, 1, 'authToken', '[]', 0, '2022-03-01 08:08:02', '2022-03-01 08:08:02', '2023-03-01 11:08:02'),
('a3b88307782a502da9a134bd7d552175684ce6371fd3c6c844b342d2f1b4a4992155655fcf9ca167', 1, 1, 'authToken', '[]', 0, '2022-03-22 05:24:38', '2022-03-22 05:24:38', '2023-03-22 08:24:38'),
('a47f38173b887d33493ebe04606d56329e191b84fd9a84423ecb4850da20989cc7c605b5a877b9ea', 1, 1, 'authToken', '[]', 0, '2022-02-28 11:22:27', '2022-02-28 11:22:27', '2023-02-28 14:22:27'),
('a6e47a9bd526078d6247346fcff900249758f1b8f98dfd1c89c4afa1c1581fb1d298ea8387dfaaaa', 1, 1, 'authToken', '[]', 0, '2022-03-03 09:09:56', '2022-03-03 09:09:56', '2023-03-03 12:09:56'),
('a7dac1a4ed986cb814076e289e50caaef6531f53ef1786e46e26b9740a596887bdcdd8d5b0ec02b1', 1, 1, 'authToken', '[]', 0, '2022-03-08 09:10:51', '2022-03-08 09:10:51', '2023-03-08 12:10:51'),
('a927f5e7b3739af309ad8d99453f224232dffba0aa75c766f6386b2a838e7ed5bccb80aa4d87d2dc', 1, 1, 'authToken', '[]', 0, '2022-02-17 10:02:35', '2022-02-17 10:02:35', '2023-02-17 13:02:35'),
('aa362fbe56c37eeafc3b59b8dbbfaa97086340a3db08da23bfa2bbbd09fe80c3fc5612fc73110964', 1, 1, 'authToken', '[]', 0, '2022-02-21 07:23:29', '2022-02-21 07:23:29', '2023-02-21 10:23:29'),
('aabb333bedaa69cdcf1fffebaadcb4f5ab2fb40581831e59ee59c2ab007a019afd8b88bb99b2dbdc', 1, 1, 'authToken', '[]', 0, '2022-01-17 09:27:53', '2022-01-17 09:27:53', '2023-01-17 12:27:53'),
('aba10cf9e0089fef004cf42709fc82d2f156a0c957a3565574d3a623d64eacb172dee370bd98dc8c', 1, 1, 'authToken', '[]', 0, '2022-02-24 08:48:24', '2022-02-24 08:48:24', '2023-02-24 11:48:24'),
('ad290b82678f1fcb5e749e7e56ba1933bb8d347ea386149908d49a2e27cc25a6309947857afabcff', 1, 1, 'authToken', '[]', 0, '2022-02-25 09:06:09', '2022-02-25 09:06:09', '2023-02-25 12:06:09'),
('af3a30adae1a05b56b90956c108f4ec93240ae2665875fc78eace119ce874f8c68aba862ef01f3ba', 1, 1, 'authToken', '[]', 0, '2022-03-10 08:26:23', '2022-03-10 08:26:23', '2023-03-10 11:26:23'),
('b008c54475a93da330184bc2f303fb017b542cc84863baada3b9acc14a1f4bd669f0025c2a24efc6', 1, 1, 'authToken', '[]', 0, '2022-02-18 08:17:42', '2022-02-18 08:17:42', '2023-02-18 11:17:42'),
('b128b89699be02744f11464ee2ba3deee7018fc4898fc657dac46c84343054869fef9d1eee4fa836', 1, 1, 'authToken', '[]', 0, '2022-02-17 03:55:20', '2022-02-17 03:55:20', '2023-02-17 06:55:20'),
('b1cc45a6f4c534d54117a35205eb683749f8bec53fb2c98996f57dea361ce884ad1d4728838a371f', 1, 1, 'authToken', '[]', 0, '2022-02-23 09:15:51', '2022-02-23 09:15:51', '2023-02-23 12:15:51'),
('b2173d4f0fa50aa6de4015595cb0662ba5ce63ab1feaaad9501317d132e6d59b38de09dadfa92022', 29, 1, 'authToken', '[]', 0, '2022-03-22 11:34:46', '2022-03-22 11:34:46', '2023-03-22 14:34:46'),
('b3b2b1cb4148c2a0c69e3fd7c51ff9f09e253d46bab9cabc972182d7333829d7e2858786c031c467', 1, 1, 'authToken', '[]', 0, '2022-02-28 08:26:01', '2022-02-28 08:26:01', '2023-02-28 11:26:01'),
('b4f1276e1773dd172e8370d9cf3dd5c41b24e807aa7910ff2de284f7f5a6845b9ae99848e939b5bd', 1, 1, 'authToken', '[]', 0, '2022-03-11 06:40:31', '2022-03-11 06:40:31', '2023-03-11 09:40:31'),
('b50405bd23c8313b5593068bc61cbde8c90ea3108520940f44585aef1dab4ed6d1d39d2485cf99bc', 1, 1, 'authToken', '[]', 0, '2022-03-08 08:57:27', '2022-03-08 08:57:27', '2023-03-08 11:57:27'),
('b50ee30103008b493e86a07114be20d7caba7bc686f1466088cc8f14b46b0a5c374c353a21697728', 1, 1, 'authToken', '[]', 0, '2022-02-17 08:40:46', '2022-02-17 08:40:46', '2023-02-17 11:40:46'),
('b7ab035ed059c2de81768407840cbc75c89294b4832b94c489ce50a8beb54ee951f37cfc7a9f548b', 1, 1, 'authToken', '[]', 0, '2022-02-17 08:39:00', '2022-02-17 08:39:00', '2023-02-17 11:39:00'),
('b85f8cd5f89827203ea8defdd5af509a3ac2c7f93282de65a5cf24a6a4e3790df7c6519e0e8d26c9', 1, 1, 'authToken', '[]', 0, '2022-03-10 04:45:19', '2022-03-10 04:45:19', '2023-03-10 07:45:19'),
('b916d7252aae0e34f3cf061eba85a4bfb4015217c6b876fa392423727dcd4875d1162cbe1b6c95e9', 1, 1, 'authToken', '[]', 0, '2022-03-03 08:14:04', '2022-03-03 08:14:04', '2023-03-03 11:14:04'),
('b9951d69a9655e541e289a65f2fcb3fe675de80f70cfff93260e480d52e777e14b6ab25ffc9b991a', 1, 1, 'authToken', '[]', 0, '2022-03-01 11:27:27', '2022-03-01 11:27:27', '2023-03-01 14:27:27'),
('bc9743c404b52faba974342bb0827d4c7e4fc0b4f79394f67836437b61bf3a0c42e763d14a0760a2', 1, 1, 'authToken', '[]', 0, '2022-03-24 10:15:40', '2022-03-24 10:15:40', '2023-03-24 13:15:40'),
('bd10cbf34ba2d6a4f4f3ca638a57f2a6a71dd25667a323c47eea6a1c5762c0c6b991cd0dd02a243a', 3, 1, 'authToken', '[]', 0, '2022-01-28 03:02:03', '2022-01-28 03:02:03', '2023-01-28 06:02:03'),
('bd616196d23a33d7dc962382be94d1ebc7f9bc7f96237af14d5135caa01c01ddee672eedb4eb0d7c', 1, 1, 'authToken', '[]', 0, '2022-01-17 14:07:11', '2022-01-17 14:07:11', '2023-01-17 17:07:11'),
('be46f9bcb7dfd36e4c12b976b330bcdd9994628801b2f7884abeeb558cbe576929f92f4bd5fe3c40', 1, 1, 'authToken', '[]', 0, '2022-02-23 06:22:56', '2022-02-23 06:22:56', '2023-02-23 09:22:56'),
('beaa57640e815a6d26f12d1957c70679e3444149643b2bd56313f139e64f0a9499837147c949a9d9', 1, 1, 'authToken', '[]', 0, '2022-02-25 09:53:43', '2022-02-25 09:53:43', '2023-02-25 12:53:43'),
('bec5c929329cacc1f644bdc33de620c41575aeb8bcc5482eee56112f41ca39c2faec1cfe4d7bcf63', 1, 1, 'authToken', '[]', 0, '2022-02-23 10:10:57', '2022-02-23 10:10:57', '2023-02-23 13:10:57'),
('bfddac5ebd0d0b788b71963145ee7532be1af4203a2ca38d23e28bd172cad042b3bdb1b8e6b668c6', 1, 1, 'authToken', '[]', 0, '2022-02-22 09:02:06', '2022-02-22 09:02:06', '2023-02-22 12:02:06'),
('c3f8514f067e2ddc6f107a4ae4288ed28787afcb4b5bf136c6dd619b16c76f34eb85c99309b03322', 3, 1, 'authToken', '[]', 0, '2022-01-28 04:57:33', '2022-01-28 04:57:33', '2023-01-28 07:57:33'),
('c45c9be02b72e8ad1766f2b89870abf12046b917ad4b3c194e5e0c39b55b5abba3e476d78e7bd529', 1, 1, 'authToken', '[]', 0, '2022-02-24 11:07:04', '2022-02-24 11:07:04', '2023-02-24 14:07:04'),
('c624692f87591307c194925a908a75974ab43fafbf3fee6d92fec456af7db43a4ceff3ba04d8392d', 1, 1, 'authToken', '[]', 0, '2022-02-17 09:55:50', '2022-02-17 09:55:50', '2023-02-17 12:55:50'),
('c75ecf036df700da10a8ac8bc6d197ac7eabc2982c75c7645fdd3b4bc9caada5faf944e0e6f623c2', 1, 1, 'authToken', '[]', 0, '2022-02-24 09:08:44', '2022-02-24 09:08:44', '2023-02-24 12:08:44'),
('c77d5c9fe64c696700a44f4fb9dd68481f41d392932d8d53293a0ca5541a67ae82ec768003bd4276', 1, 1, 'authToken', '[]', 0, '2022-03-01 07:07:53', '2022-03-01 07:07:53', '2023-03-01 10:07:53'),
('c8e5097199f576610b7401fd7c98bb54b1c92ae81e976af2936cc73c31c7ef0f76fce460d4cd75ef', 1, 1, 'authToken', '[]', 0, '2022-03-01 11:13:18', '2022-03-01 11:13:18', '2023-03-01 14:13:18'),
('c9de1f9dfa512fd2320f4e96a2f5a68b0b07b761b6b34a9dd1542bdea431291e19b1516483b41954', 1, 1, 'authToken', '[]', 0, '2022-03-03 06:29:57', '2022-03-03 06:29:57', '2023-03-03 09:29:57'),
('c9fcde8e62288de603de36076828a1d2e3eb3c20f2a83273f49517264490906aef417b0807c6e617', 3, 1, 'authToken', '[]', 0, '2022-01-28 05:06:18', '2022-01-28 05:06:18', '2023-01-28 08:06:18'),
('ca562d41a90e6bb2a6762b7d605d0a05ca3323f04dc6e4c1344a864815f41c11750099cd2f8ce73c', 1, 1, 'authToken', '[]', 0, '2022-02-18 10:25:58', '2022-02-18 10:25:58', '2023-02-18 13:25:58'),
('ca999d01cb018d0363299cea6adb00cf779892c591f67f12fab13aa5817cfc3efa8bf52ef8f0be68', 1, 1, 'authToken', '[]', 0, '2022-02-24 08:58:25', '2022-02-24 08:58:25', '2023-02-24 11:58:25'),
('cef020bcf657a6ba7dac94e466e8f734edc0df175a411da5acf6ab2b4d72ad102dc8ac27f9e7d686', 1, 1, 'authToken', '[]', 0, '2022-03-24 05:16:35', '2022-03-24 05:16:35', '2023-03-24 08:16:35'),
('cf875c2d4d8b59aa6ed3ef4847d3a6daf58e1bdbe89bd8c477088b179a7b1db587841b5be6dc4aea', 1, 1, 'authToken', '[]', 0, '2022-02-18 08:48:38', '2022-02-18 08:48:38', '2023-02-18 11:48:38'),
('d0a1a10d34bb2f08a22113c02c448078b32b19e2ff8be38b5d4a522e1f2cd23e7e74153d4594e0c3', 1, 1, 'authToken', '[]', 0, '2022-02-25 09:42:46', '2022-02-25 09:42:46', '2023-02-25 12:42:46'),
('d1c3de252a4f9b4780dc0da5ffb7ca119bbbcfe5f06fe167e13b0ccbac94ae87652cadcb960b44b5', 1, 1, 'authToken', '[]', 0, '2022-02-18 08:34:19', '2022-02-18 08:34:19', '2023-02-18 11:34:19'),
('d21a6ee745d89e08146f9bf746bd781def09c45c4d63c1faa45876629249a38c94058a6dec865c5f', 1, 1, 'authToken', '[]', 0, '2022-03-11 04:33:27', '2022-03-11 04:33:27', '2023-03-11 07:33:27'),
('d24fb37c32ca6470dc76e32cf6b2e7a13b400105677de0764d983661ebc5acc468773c1700dfcdd1', 30, 1, 'authToken', '[]', 0, '2022-03-23 10:11:38', '2022-03-23 10:11:38', '2023-03-23 13:11:38'),
('d396cab874fb1087ce676d825e52eaa3167a285d08eba58257a7bafd116f26cfb7fbdebcb23e971c', 26, 1, 'authToken', '[]', 0, '2022-03-22 10:04:22', '2022-03-22 10:04:22', '2023-03-22 13:04:22'),
('d4c6542247483f88fda1611a87d15d11a53b0d7bc89d3875c02398e80788828ec5404de4b736edb7', 1, 1, 'authToken', '[]', 0, '2022-03-07 08:50:26', '2022-03-07 08:50:26', '2023-03-07 11:50:26'),
('d520f6a45f3357cbc38f8a86b0e99777ea0f8894e305761ada739800b8705fc531d25f6f22a53fb4', 1, 1, 'authToken', '[]', 0, '2022-01-28 05:47:17', '2022-01-28 05:47:17', '2023-01-28 08:47:17'),
('d7ef036a226676efd0bd1ae3d3e0837c19a2eed7e6f24a7e753fcfc9282edac543d5dd9aae2b8ca8', 1, 1, 'authToken', '[]', 0, '2022-02-23 10:51:46', '2022-02-23 10:51:46', '2023-02-23 13:51:46'),
('d97df022851640749de85a25d6945c4c613906f7194d9268eec222fff841926cb7d5a14a2fec31ea', 1, 1, 'authToken', '[]', 0, '2022-01-28 05:41:17', '2022-01-28 05:41:17', '2023-01-28 08:41:17'),
('d9f7dd1a329cf6209d19617878318e36778b9375a67545c93b1d3fb0cb89367ceb08adedca0700cd', 3, 1, 'authToken', '[]', 0, '2022-01-28 05:06:29', '2022-01-28 05:06:29', '2023-01-28 08:06:29'),
('da5160109dabe4ef7b3b93323451f706e86d9efee3d072f91036de16fee4858e9899150b2d27d164', 1, 1, 'authToken', '[]', 0, '2022-02-21 10:22:26', '2022-02-21 10:22:26', '2023-02-21 13:22:26'),
('db033a3f707e6778cb1be833769603fc80ed437e5a71311b1562604d0272b55183af35fc10e3a400', 1, 1, 'authToken', '[]', 0, '2022-02-24 11:06:12', '2022-02-24 11:06:12', '2023-02-24 14:06:12'),
('db4869cbcf8a7b52bf283a3a7de504e265c21758593d51113ef5fbbc23a03d2fa67c3fe4c77b6696', 1, 1, 'authToken', '[]', 0, '2022-02-24 09:15:31', '2022-02-24 09:15:31', '2023-02-24 12:15:31'),
('dbdecdaef3988dddd61cf80382a33989357411cd43618e40a6a17aa3a91174f670c912be26fc2db4', 1, 1, 'authToken', '[]', 0, '2022-02-22 06:54:35', '2022-02-22 06:54:35', '2023-02-22 09:54:35'),
('dc377253650d583e4f082c1aac6d60c24555b16137d0d70b3d4d2e755ae8fc876b5d8bc540c3be79', 1, 1, 'authToken', '[]', 0, '2022-02-18 10:08:20', '2022-02-18 10:08:20', '2023-02-18 13:08:20'),
('dcd4b0e93fa1bb5018eed8178905d3a8d0f0909dfcf3fb5171bc97d71af25d78330c5fc10a18702c', 1, 1, 'authToken', '[]', 0, '2022-03-04 04:32:23', '2022-03-04 04:32:23', '2023-03-04 07:32:23'),
('dcfeb8f93164c98132a434c84b52301136642106472e27e4418d3a7dab6a1d451c038e551f3b4a9f', 1, 1, 'authToken', '[]', 0, '2022-02-24 09:18:00', '2022-02-24 09:18:00', '2023-02-24 12:18:00'),
('de4c8edb07c676efc7460dea834f958c9bccac8b4dd4a5b787daec769af1f6a03edc3d4088fbf7ce', 1, 1, 'authToken', '[]', 0, '2022-02-18 04:13:49', '2022-02-18 04:13:49', '2023-02-18 07:13:49'),
('dffd356653f2bbfeb6f054f005d70a1e555c91b0eb7fec32cfd1df9fa6ffe13ddb9838ec2ca0573b', 1, 1, 'authToken', '[]', 0, '2022-01-25 03:53:48', '2022-01-25 03:53:48', '2023-01-25 06:53:48'),
('e216f5c64cbbee3cc97f8a5202f97f169e9cfbb05064f89fd857cddb365803a92ce9b19e42057344', 1, 1, 'authToken', '[]', 0, '2022-03-11 09:45:45', '2022-03-11 09:45:45', '2023-03-11 12:45:45'),
('e2cc0122073892ad0508cafdd5126890d92cefe0aa785e1b39dfa980b8df6977456caf3adb3ecdba', 1, 1, 'authToken', '[]', 0, '2022-02-24 09:11:41', '2022-02-24 09:11:41', '2023-02-24 12:11:41'),
('e4197daf1c7f397363dc193b4db88cc2f388abc6df428737604b5e16ab57a8a9fa915df9f1a023af', 1, 1, 'authToken', '[]', 0, '2022-03-01 10:28:45', '2022-03-01 10:28:45', '2023-03-01 13:28:45'),
('e5dabfbe0165a65a0a5ecf22230642f21560e1bf7645db5baf97ef10069d359520bb887e0d2182e4', 1, 1, 'authToken', '[]', 0, '2022-02-22 06:48:21', '2022-02-22 06:48:21', '2023-02-22 09:48:21'),
('e69dbb89a7784fb58cc984d3e04c80769443f3cdb90d715f8eda29d973eea7d8acf5fded1a58de73', 1, 1, 'authToken', '[]', 0, '2022-03-23 05:54:00', '2022-03-23 05:54:00', '2023-03-23 08:54:00'),
('e765209df97a5409c73b12d8ad448c2952bb800e7ef7da9f2e2a1e18fa0e2eedeb2f5cff4c1820f1', 1, 1, 'authToken', '[]', 0, '2022-02-15 10:41:24', '2022-02-15 10:41:24', '2023-02-15 13:41:24'),
('e7ecf173ca41de859d886535c5bb26ef48765093a4bc9ca03df71a26d7bbb4cd37f589b5b9bcb377', 1, 1, 'authToken', '[]', 0, '2022-02-25 09:46:24', '2022-02-25 09:46:24', '2023-02-25 12:46:24'),
('e8522733d12d49d69dd7c46c7fe6766f5c543c3975199ce15981856df4b43e7362ba2b0c0bfa2c8b', 1, 1, 'authToken', '[]', 0, '2022-03-16 10:31:50', '2022-03-16 10:31:50', '2023-03-16 13:31:50'),
('eaf60592071b41713535618e95ad0d5c3007c7a5e8d2ca034499a16fead84bde81266baccb8c1b3d', 1, 1, 'authToken', '[]', 0, '2022-01-28 05:37:38', '2022-01-28 05:37:38', '2023-01-28 08:37:38'),
('eaf948c76cbabc87e02ec5c68702e3112e0857a4f5a4310fe75c7e208343235cb47aee9d853e47a8', 1, 1, 'authToken', '[]', 0, '2022-02-24 08:33:58', '2022-02-24 08:33:58', '2023-02-24 11:33:58'),
('eb6ce950ab75197f26cfdf247d3b8881c4805767117faa810d4a98605037acaaf736057cfb2f17df', 1, 1, 'authToken', '[]', 0, '2022-02-22 10:50:07', '2022-02-22 10:50:07', '2023-02-22 13:50:07'),
('ecc2d545b8b5c033209ea8c2bbaa8d160cfbadebcf87cd1585b782006aecbc98df4d302c034a7c17', 1, 1, 'authToken', '[]', 0, '2022-02-18 08:28:44', '2022-02-18 08:28:44', '2023-02-18 11:28:44'),
('eeea7afca07e18780e8e5654053a0d975d68ca28d65738cc59955d3c8eff6ce2b733a6b5f72b221e', 1, 1, 'authToken', '[]', 0, '2022-02-21 08:10:04', '2022-02-21 08:10:04', '2023-02-21 11:10:04'),
('f110c027837df41787bc12ac5d92dc62bd5a0f432c108a094e5c56ec0240718a75fe9982d9974920', 1, 1, 'authToken', '[]', 0, '2022-02-23 10:38:47', '2022-02-23 10:38:47', '2023-02-23 13:38:47'),
('f14d7f0e0333975c81a27cd5203d2ab4c3bfee6481d424af0e1e0b921cae4bacf704e67d1b7212c2', 1, 1, 'authToken', '[]', 0, '2022-02-24 08:41:45', '2022-02-24 08:41:45', '2023-02-24 11:41:45'),
('f262976f97f4c8e1e9f2f5f3b6dd89f82bdcb5ae6868a4d995e8510c4ce323940cbc6aab9ce9fb2a', 1, 1, 'authToken', '[]', 0, '2022-03-08 10:26:30', '2022-03-08 10:26:30', '2023-03-08 13:26:30'),
('f42a1f38208a4ec83b94c9a6a00f47b536521bd44d9ec0a3e97ba1636a333056bb84651ba554e364', 1, 1, 'authToken', '[]', 0, '2022-02-18 07:24:41', '2022-02-18 07:24:41', '2023-02-18 10:24:41'),
('f73dc2162897f1253701688e6507a54b82c85b2208c907281ae889486fffec9526c2a01708674361', 1, 1, 'authToken', '[]', 0, '2022-02-24 11:03:58', '2022-02-24 11:03:58', '2023-02-24 14:03:58'),
('f81487467c9cff55edb3d3774ed7d660aeba529f85bf87173fe594f56e9ba16b5bc99ca3bdfe8d84', 1, 1, 'authToken', '[]', 0, '2022-02-23 09:18:27', '2022-02-23 09:18:27', '2023-02-23 12:18:27'),
('f982516db596324b514f81e978e324fc0adeba8824fe1232fff07ef50ff0d203bbd8c71028489a54', 1, 1, 'authToken', '[]', 0, '2022-02-18 03:52:48', '2022-02-18 03:52:48', '2023-02-18 06:52:48'),
('fac077d8de56d1f9672aae263895282ba372bd7a885ebd10b1102d9f75d41cb407fe164cbfd86698', 1, 1, 'authToken', '[]', 0, '2022-02-18 03:57:31', '2022-02-18 03:57:31', '2023-02-18 06:57:31'),
('fc19a73aa8aa6d79ffc9bf6c88aaf9c11978dcf576d5a3f4d6f7e9ff90e9bb0dfd809aabec766f58', 1, 1, 'authToken', '[]', 0, '2022-02-25 05:26:50', '2022-02-25 05:26:50', '2023-02-25 08:26:50'),
('fc1edf1724fa9882aa55913a267176f679fee0e6f89736b61abb858cbf6f02fec0e6ef1f35c897ee', 1, 1, 'authToken', '[]', 0, '2022-02-18 10:13:15', '2022-02-18 10:13:15', '2023-02-18 13:13:15'),
('fcc621fa21d2f7d67ca0dd965032380d2181b044a8b5f67c31939d3dbf0a578e248c9c6943f3d370', 1, 1, 'authToken', '[]', 0, '2022-01-28 06:32:04', '2022-01-28 06:32:04', '2023-01-28 09:32:04'),
('fe7fec592c42293a17a3460951ac35162851ace2cf4dd5de888edd5bec47cf10534f2ba9ca57f588', 1, 1, 'authToken', '[]', 0, '2022-02-24 09:27:03', '2022-02-24 09:27:03', '2023-02-24 12:27:03');

--
-- Dumping data for table `oauth_clients`
--

INSERT INTO `oauth_clients` (`id`, `user_id`, `name`, `secret`, `provider`, `redirect`, `personal_access_client`, `password_client`, `revoked`, `created_at`, `updated_at`) VALUES
(1, NULL, 'Laravel Personal Access Client', 'nKLgMqEzfiDjN8znJ80CtYPi1J63UL7AH8Y3cBd4', NULL, 'http://localhost', 1, 0, 0, '2022-01-17 09:27:15', '2022-01-17 09:27:15'),
(2, NULL, 'Laravel Password Grant Client', 'oqMSlCbYZMLkcW32WvjuXxV2xA84sc6bdVDxkHrt', 'users', 'http://localhost', 0, 1, 0, '2022-01-17 09:27:16', '2022-01-17 09:27:16');

--
-- Dumping data for table `oauth_personal_access_clients`
--

INSERT INTO `oauth_personal_access_clients` (`id`, `client_id`, `created_at`, `updated_at`) VALUES
(1, 1, '2022-01-17 09:27:15', '2022-01-17 09:27:15');

--
-- Dumping data for table `organizations`
--

INSERT INTO `organizations` (`id`, `legal_name`, `physical_location`, `year`, `created_at`, `updated_at`) VALUES
(1, 'Sona Stores', 'Nairobi', 2021, '2022-01-17 14:55:40', '2022-01-17 14:55:40'),
(2, 'Kime Stores', 'Nairobi', 2021, '2022-01-17 14:57:21', '2022-01-17 14:57:21'),
(3, 'Zero Stores', 'Kikuyu', 2000, '2022-01-17 15:05:04', '2022-01-17 15:05:04'),
(4, 'Zero Stores', 'Kikuyu', 2000, '2022-01-18 04:27:18', '2022-01-18 04:27:18'),
(5, 'KImani Stores', 'Kikuyu', 2022, '2022-01-28 08:48:04', '2022-01-28 08:48:04'),
(6, 'New Stores', 'Migori', 2022, '2022-02-24 11:23:31', '2022-02-24 11:23:31'),
(7, 'Zamzam Stores', 'kitui', 2016, '2022-03-24 06:30:39', '2022-03-24 06:30:39'),
(8, 'karau', 'karen', 1988, '2022-03-24 08:35:28', '2022-03-24 08:35:28'),
(9, 'karau', 'karen', 1988, '2022-03-24 08:55:57', '2022-03-24 08:55:57'),
(10, 'karau', 'karen', 1988, '2022-03-24 08:56:04', '2022-03-24 08:56:04'),
(11, 'karau', 'karen', 1988, '2022-03-24 08:58:01', '2022-03-24 08:58:01'),
(12, 'karau', 'karen', 1988, '2022-03-24 08:59:16', '2022-03-24 08:59:16'),
(13, 'karau', 'karen', 1988, '2022-03-24 09:01:06', '2022-03-24 09:01:06'),
(14, 'karau', 'karen', 1988, '2022-03-24 09:02:26', '2022-03-24 09:02:26'),
(15, 'karau', 'karen', 1988, '2022-03-24 09:05:14', '2022-03-24 09:05:14'),
(16, 'karau', 'karen', 1988, '2022-03-24 09:07:26', '2022-03-24 09:07:26'),
(17, 'karau', 'karen', 1988, '2022-03-24 09:07:48', '2022-03-24 09:07:48'),
(18, 'Ken Stores', 'Kitui', 2012, '2022-03-24 11:17:53', '2022-03-24 11:17:53'),
(19, 'Ken Stores', 'Kitui', 2012, '2022-03-24 11:18:54', '2022-03-24 11:18:54'),
(20, 'Apolo Stores', 'Kitui', 2013, '2022-03-25 05:46:35', '2022-03-25 05:46:35');

--
-- Dumping data for table `organization_user`
--

INSERT INTO `organization_user` (`id`, `organization_id`, `user_id`, `created_at`, `updated_at`) VALUES
(1, 2, 2, '2022-01-31 11:03:57', '2022-01-31 11:03:57'),
(3, 2, 12, '2022-01-31 11:04:19', '2022-01-31 11:04:19'),
(4, 2, 13, '2022-01-31 11:04:27', '2022-01-31 11:04:27'),
(6, 2, 7, '2022-01-31 11:04:52', '2022-01-31 11:04:52'),
(7, 3, 7, '2022-01-31 11:05:02', '2022-01-31 11:05:02'),
(8, 5, 7, '2022-01-31 11:05:07', '2022-01-31 11:05:07'),
(9, 4, 4, '2022-03-16 10:44:28', '2022-03-16 10:44:28'),
(10, 2, 4, '2022-03-22 05:42:59', '2022-03-22 05:42:59'),
(11, 3, 4, '2022-03-22 05:59:23', '2022-03-22 05:59:23'),
(12, 4, 5, '2022-03-22 06:14:27', '2022-03-22 06:14:27'),
(13, 2, 4, '2022-03-22 06:16:48', '2022-03-22 06:16:48'),
(14, 4, 3, '2022-03-22 06:17:15', '2022-03-22 06:17:15'),
(16, 3, 4, '2022-03-22 06:22:20', '2022-03-22 06:22:20'),
(17, 3, 5, '2022-03-22 06:22:41', '2022-03-22 06:22:41'),
(19, 3, 5, '2022-03-22 06:23:19', '2022-03-22 06:23:19'),
(21, 3, 16, '2022-03-22 06:27:19', '2022-03-22 06:27:19'),
(22, 4, 14, '2022-03-22 06:27:47', '2022-03-22 06:27:47'),
(23, 5, 16, '2022-03-22 06:42:51', '2022-03-22 06:42:51'),
(24, 4, 28, '2022-03-22 10:23:09', '2022-03-22 10:23:09'),
(25, 3, 28, '2022-03-22 10:23:30', '2022-03-22 10:23:30'),
(26, 5, 5, '2022-03-22 10:42:40', '2022-03-22 10:42:40'),
(27, 5, 16, '2022-03-22 10:51:02', '2022-03-22 10:51:02'),
(28, 5, 28, '2022-03-23 05:08:15', '2022-03-23 05:08:15'),
(29, 4, 16, '2022-03-23 05:13:17', '2022-03-23 05:13:17'),
(30, 3, 12, '2022-03-23 05:18:29', '2022-03-23 05:18:29'),
(31, 2, 9, '2022-03-23 05:19:41', '2022-03-23 05:19:41'),
(32, 5, 14, '2022-03-23 05:19:54', '2022-03-23 05:19:54'),
(33, 3, 12, '2022-03-23 11:28:55', '2022-03-23 11:28:55'),
(34, 2, 5, '2022-03-24 05:21:20', '2022-03-24 05:21:20');

--
-- Dumping data for table `roles`
--

INSERT INTO `roles` (`id`, `title`, `slug`, `description`, `created_at`, `updated_at`) VALUES
(1, 'Admin', 'admin', 'Super Administrator', '2022-01-17 09:30:34', '2022-01-17 09:30:34'),
(2, 'Writer', 'writer', 'Can do editing', '2022-01-17 09:31:17', '2022-01-17 09:31:17'),
(3, 'Subscrber', 'subscrber', 'Views and comments', '2022-01-17 09:31:44', '2022-01-17 09:31:44'),
(4, 'Shreder', 'shreder', 'Safely destroy and Dispose', '2022-01-17 09:36:49', '2022-01-17 09:36:49'),
(5, 'Debugger', 'debugger', 'Test and Debug Systems', '2022-01-28 10:20:06', '2022-01-28 10:20:06'),
(7, 'Creator', 'creator', 'Content Creator', '2022-01-28 10:37:18', '2022-01-28 10:37:18'),
(9, 'cook', 'cook', 'Prepares meals', '2022-03-23 05:54:25', '2022-03-23 05:54:25'),
(10, 'Plumber', 'plumber', 'Fix Pipes', '2022-03-23 09:03:38', '2022-03-23 09:03:38'),
(11, 'cleaner', 'cleaner', 'cleaner', '2022-03-23 10:07:58', '2022-03-23 10:07:58'),
(12, 'gg', 'gg', 'gg', '2022-03-23 10:11:14', '2022-03-23 10:11:14'),
(13, 'ff', 'ff', 'ff', '2022-03-23 10:12:21', '2022-03-23 10:12:21'),
(14, 'yy', 'yy', 'yy', '2022-03-23 10:14:46', '2022-03-23 10:14:46'),
(15, 'jj', 'jj', 'jj', '2022-03-23 10:16:58', '2022-03-23 10:16:58'),
(16, 'ty', 'ty', 'ty', '2022-03-23 10:18:51', '2022-03-23 10:18:51');

--
-- Dumping data for table `role_user`
--

INSERT INTO `role_user` (`id`, `role_id`, `user_id`, `created_at`, `updated_at`) VALUES
(5, 1, 4, '2022-01-31 10:10:50', '2022-01-31 10:10:50'),
(6, 2, 4, '2022-01-31 10:10:57', '2022-01-31 10:10:57'),
(7, 2, 2, '2022-01-31 10:11:06', '2022-01-31 10:11:06'),
(8, 4, 2, '2022-01-31 10:11:11', '2022-01-31 10:11:11'),
(9, 2, 2, '2022-01-31 10:11:20', '2022-01-31 10:11:20'),
(10, 5, 2, '2022-01-31 10:11:28', '2022-01-31 10:11:28'),
(11, 1, 2, '2022-01-31 10:11:36', '2022-01-31 10:11:36'),
(12, 1, 4, '2022-01-31 10:11:41', '2022-01-31 10:11:41'),
(14, 1, 2, '2022-01-31 10:11:58', '2022-01-31 10:11:58'),
(15, 7, 5, NULL, NULL),
(16, 5, 20, NULL, NULL),
(19, 4, 2, '2022-03-14 10:03:18', '2022-03-14 10:03:18'),
(20, NULL, NULL, '2022-03-14 10:06:58', '2022-03-14 10:06:58'),
(21, NULL, NULL, '2022-03-14 10:07:16', '2022-03-14 10:07:16'),
(22, NULL, NULL, '2022-03-14 10:07:28', '2022-03-14 10:07:28'),
(23, NULL, NULL, '2022-03-14 10:07:30', '2022-03-14 10:07:30'),
(24, 5, 17, '2022-03-14 10:08:02', '2022-03-14 10:08:02'),
(32, 4, 7, '2022-03-22 11:00:43', '2022-03-22 11:00:43'),
(33, 5, 7, '2022-03-22 11:07:59', '2022-03-22 11:07:59'),
(34, 5, 23, '2022-03-23 05:15:23', '2022-03-23 05:15:23'),
(35, 4, 9, '2022-03-23 05:19:41', '2022-03-23 05:19:41'),
(36, 5, 14, '2022-03-23 05:19:54', '2022-03-23 05:19:54'),
(37, NULL, NULL, '2022-03-23 08:33:24', '2022-03-23 08:33:24'),
(38, NULL, NULL, '2022-03-23 08:39:46', '2022-03-23 08:39:46'),
(39, NULL, NULL, '2022-03-23 08:43:48', '2022-03-23 08:43:48'),
(40, NULL, NULL, '2022-03-23 08:45:47', '2022-03-23 08:45:47'),
(41, NULL, NULL, '2022-03-23 08:47:57', '2022-03-23 08:47:57'),
(42, NULL, NULL, '2022-03-23 08:49:39', '2022-03-23 08:49:39'),
(43, NULL, NULL, '2022-03-23 08:51:15', '2022-03-23 08:51:15'),
(44, NULL, NULL, '2022-03-23 09:04:24', '2022-03-23 09:04:24'),
(45, NULL, NULL, '2022-03-23 09:38:05', '2022-03-23 09:38:05'),
(46, NULL, NULL, '2022-03-23 09:42:47', '2022-03-23 09:42:47'),
(47, NULL, NULL, '2022-03-23 09:52:15', '2022-03-23 09:52:15'),
(48, NULL, NULL, '2022-03-23 09:54:57', '2022-03-23 09:54:57'),
(49, NULL, NULL, '2022-03-23 10:05:29', '2022-03-23 10:05:29'),
(50, 11, 12, '2022-03-23 11:25:20', '2022-03-23 11:25:20'),
(51, 9, 9, '2022-03-23 11:26:03', '2022-03-23 11:26:03'),
(52, 11, 12, '2022-03-23 11:28:55', '2022-03-23 11:28:55'),
(53, 12, 5, '2022-03-24 05:21:20', '2022-03-24 05:21:20');

--
-- Dumping data for table `users`
--

INSERT INTO `users` (`id`, `name`, `email`, `email_verified_at`, `role`, `password`, `remember_token`, `created_at`, `updated_at`) VALUES
(1, 'Admin', 'admin@gmail.com', NULL, 3, '$2y$10$QNo9Co7qb96K6KofT1pGxeVwkRTYwDnUvl1MkySvdwEUwthUgmxqm', NULL, '2022-01-17 09:27:42', '2022-01-17 09:27:42'),
(2, 'Rocky', 'rocky@gmail.com', NULL, 3, '$2y$10$7miXGlZ39gF5k34zwHssn.rCyzQmIsn05VUQ5uvuIf3m7uklPTxsC', NULL, '2022-01-17 09:38:12', '2022-01-17 09:38:12'),
(3, 'Kulu', 'kulu@gmail.com', NULL, 3, '$2y$10$J56Y8v9ykf7S2I3oLCVDseqcvVnLZjVbGyAuZMdxEHvAqOXAytAEW', NULL, '2022-01-17 15:32:32', '2022-01-17 15:32:32'),
(4, 'Kusau', 'kusau@gmail.com', NULL, 3, '$2y$10$i4zWaaGyfZKmMMtxitCdzOZ7sYL.PZxckUFRBPvZZRsVuye0z1YjO', NULL, '2022-01-17 15:48:07', '2022-01-17 15:48:07'),
(5, 'tausi', 'tausi@gmail.com', NULL, 3, '$2y$10$Ys3HrMw2dPum1LPu34SlXePlYDYSTuYnJ9l31kuLhBuKDFajdLMCu', NULL, '2022-01-28 10:15:51', '2022-01-28 10:15:51'),
(7, 'tausi', 'itausi@gmail.com', NULL, 3, '$2y$10$I2ylv6PmuEmdxiBHcnjR1eC2qBVZyj6sdjTgskFPgQFxqQEAKLaru', NULL, '2022-01-28 10:40:56', '2022-01-28 10:40:56'),
(9, 'Samson', 'sams@gmail.com', NULL, 3, '$2y$10$pfzR3PSkl.1yfK9VXjfkzeZsi5dAnvZbueCqROj0arnxXn3suQ06O', NULL, '2022-01-28 10:50:49', '2022-01-28 10:50:49'),
(12, 'Samson', 'sas@gmail.com', NULL, 3, '$2y$10$NCBn77XNZ2Xi63DFOpIcLu84jSAO6t1D6YNWc1WORzrGbWQXeQ7ui', NULL, '2022-01-28 10:53:19', '2022-01-28 10:53:19'),
(13, 'Samson', 'saas@gmail.com', NULL, 3, '$2y$10$DKj0lwhYOx4Qpv.GHeUgy.l7nKl2s44Jt5vFXJGw0XoIUYvYiMDQy', NULL, '2022-01-28 10:58:17', '2022-01-28 10:58:17'),
(14, 'Samson', 'saps@gmail.com', NULL, 3, '$2y$10$s/9q1.K36BjY3AL5TycjzOcA5xD23eotmVxNs/OCiiveippYVaU7S', NULL, '2022-01-31 05:03:35', '2022-01-31 05:03:35'),
(16, 'Samson', 'saiis@gmail.com', NULL, 3, '$2y$10$iWKkSJXvV.yZXFueaP8yoeX6OGsgkKQeh37GcmHbmE4iPurZPIy3C', NULL, '2022-01-31 05:08:17', '2022-01-31 05:08:17'),
(17, 'Samsonhhh', 'saigg@gmail.com', NULL, 3, '$2y$10$cJsbGhMe9F9mFuaTCHfckOQHMj01oR/LV/S2N4t.7YEZ5stMy62b6', NULL, '2022-01-31 05:12:28', '2022-01-31 05:12:28'),
(18, 'test', 'test@gmail.com', NULL, 3, '$2y$10$f9gt0Vr6345Nro6gqb9Ok.l1XQ9LwWwVmlTnfumvGmRrx7hNp6eCa', NULL, '2022-02-17 05:31:40', '2022-02-17 05:31:40'),
(20, 'test', 'test1@gmail.com', NULL, 3, '$2y$10$igVkB7rGnShArsU3kj3Alup2T26ezYzwtLReY78IwnhOJq6Kq.CT2', NULL, '2022-02-17 05:45:55', '2022-02-17 05:45:55'),
(21, 'test', 'test3@gmail.com', NULL, 3, '$2y$10$KrgVfC0rCNhYLgtsvhDDjOzuY.sedF.MxaPoFHgK7TCqEYJkX8CbO', NULL, '2022-02-17 05:47:31', '2022-02-17 05:47:31'),
(22, 'test', 'testt@gmail.com', NULL, 3, '$2y$10$QkKn7p/Xnh2O2U10Vv7D8ensiqmxTA8SbzZMmdkgS3g9/KgUf2JN6', NULL, '2022-02-17 06:49:54', '2022-02-17 06:49:54'),
(23, 'kk', 'kk@gmail.com', NULL, 3, '$2y$10$NUt5NYijDStyxZku/L/2zOFDb9tctmxtJqlCD6nunqRt0kWUjird2', NULL, '2022-03-22 09:30:27', '2022-03-22 09:30:27'),
(24, 'pp', 'pp@gmail.com', NULL, 3, '$2y$10$JldnVWiRzYsL7X7MJ5ld/e/IqdEX7O3uHzCRHfMYJmi7ZGLEm9NC6', NULL, '2022-03-22 09:32:48', '2022-03-22 09:32:48'),
(25, 'cc', 'cc@gmail.com', NULL, 3, '$2y$10$tFaOln9ZSRQzpJ/WzvcRveDu7WN5QhDCf4Vf6zV8HUg04eHeFO3RG', NULL, '2022-03-22 10:00:46', '2022-03-22 10:00:46'),
(26, 'nzioki', 'nzioki@gmail.com', NULL, 3, '$2y$10$qhVoclr/EBtunNJGr84sG.c3VWgGr1NNOIJNCnlCQfgZlGKxHikGu', NULL, '2022-03-22 10:04:22', '2022-03-22 10:04:22'),
(27, 'ppO', 'ppo@gmail.com', NULL, 3, '$2y$10$wge4SjulsWBGTLOQc4fxtunEEToB7IImcF8XJCv6DGJmqfETOcRL2', NULL, '2022-03-22 10:05:36', '2022-03-22 10:05:36'),
(28, 'Collins Swai', 'hghvf@gmail.com', NULL, 3, '$2y$10$ZzgvERUUeG7y9ldkn216huHudYdFiEFs7d5gt8doNdGen33jrI7Ne', NULL, '2022-03-22 10:21:26', '2022-03-22 10:21:26'),
(29, 'gilly', 'gil@gmail.com', NULL, 3, '$2y$10$8btrWQrXHV7vloWRMu7gsO/GR/HG1MRoG7SgPz7O/qr.tAHtEwX.i', NULL, '2022-03-22 11:34:45', '2022-03-22 11:34:45'),
(30, 'gg', 'gg@3', NULL, 3, '$2y$10$U54uZS4AeHGE724VjNwDGeNFk7qaWuXT3GV9zBnN/BG3IXGFADTha', NULL, '2022-03-23 10:11:37', '2022-03-23 10:11:37');
COMMIT;

SET FOREIGN_KEY_CHECKS = 1;

/*!40101 SET CHARACTER_SET_CLIENT=@OLD_CHARACTER_SET_CLIENT */;
/*!40101 SET CHARACTER_SET_RESULTS=@OLD_CHARACTER_SET_RESULTS */;
/*!40101 SET COLLATION_CONNECTION=@OLD_COLLATION_CONNECTION */;
